District Name,School Name,Enrollment,Average Score MathWhitefish Bay,Whitefish Bay Hi,216,26.6754Middleton-Cross Plains Area,Middleton Hi,464,26.0911Mequon-Thiensville,Homestead Hi,397,25.2138New Berlin,Eisenhower Mid/Hi,187,25.4911Arrowhead UHS,Arrowhead Hi,580,24.8903Elmbrook,East Hi,301,25.4509Elmbrook,Central Hi,353,25.13Madison Metropolitan,West Hi,468,25.2633Platteville,Platteville Hi,119,25.027Madison Metropolitan,Memorial Hi,436,25.8107New Berlin,New Berlin Mid/Hi,185,24.7682Waunakee Community,Waunakee Hi,308,24.3581Spring Valley,Spring Valley Hi,53,24.6579Waterloo,Waterloo Hi,62,24.6471Ashwaubenon,Ashwaubenon Hi,287,24.5642Neenah Joint,Neenah Hi,573,24.2151Kohler,Kohler Hi,39,24.5Oregon,Oregon Hi,316,23.7574Rice Lake Area,Rice Lake Hi,200,24.2857Wauwatosa,East Hi,297,24.2426Lakeland UHS,Lakeland Hi,240,24.2365Marshfield Unified,Marshfield Hi,331,23.6195Appleton Area,North Hi,407,24.2096Muskego-Norway,Muskego Hi,415,24.1083Verona Area,Verona Area Hi,376,24.2169Howard-Suamico,Bay Port Hi,466,23.1385Hamilton,Hamilton Hi,303,23.7409Port Washington-Saukville,Port Washington Hi,191,24.0704Eau Claire Area,Memorial Hi,467,24.166Mukwonago,Mukwonago Hi,432,23.4552Loyal,Loyal Hi,42,23.9412Greendale,Greendale Hi,228,23.9399Nicolet UHS,Nicolet Hi,288,23.9188Fennimore Community,Fennimore Hi,63,23.9032Mellen,Mellen Hi,19,23.875Hudson,Hudson Hi,391,24.0614Onalaska,Onalaska Hi,232,23.8487Crivitz,Crivitz Hi,62,23.7949Athens,Athens Hi,51,23.7778Kettle Moraine,Kettle Moraine Hi,385,24.5367New Richmond,New Richmond Hi,209,23.7541Waukesha,West Hi,342,23.2912Slinger,Slinger Hi,240,23.7345Hilbert,Hilbert Hi,53,23.7333Phillips,Phillips Hi,76,23.68Marathon City,Marathon Hi,59,23.6667Stoughton Area,Stoughton Hi,267,23.6481Highland,Highland Hi,30,23.6471Shorewood,Shorewood Hi,147,23.624Menomonee Falls,Menomonee Falls Hi,387,22.6523Albany,Albany Hi,23,23.6Grafton,Grafton Hi,233,23.5921Germantown,Germantown Hi,366,22.952Cambridge,Cambridge Hi,62,23.5652Oshkosh Area,West Hi,453,23.9964Sheboygan Falls,Sheboygan Falls Hi,139,23.5474New Glarus,New Glarus Mid/Hi,63,23.5238Cedar Grove-Belgium Area,Cedar Grove-Belgium Hi,78,23.5Mount Horeb Area,Mount Horeb Hi,194,23.4887Hayward Community,Hayward Hi,159,23.4615D C Everest Area,D C Everest Hi,478,22.2979Wauwatosa,West Hi,249,23.4464Dodgeville,Dodgeville Hi,116,23.4348Lancaster Community,Lancaster Hi,68,23.4318McFarland,McFarland Hi,171,23.386Lomira,Lomira Hi,77,23.3778Hartford UHS,Hartford Hi,391,23.1644Stanley-Boyd Area,Stanley-Boyd Hi,79,23.3421Baraboo,Baraboo Hi,242,23.3333River Ridge,River Ridge Hi,53,23.3214Fall Creek,Fall Creek Hi,58,23.3056De Pere,De Pere Hi,341,23.1538Clear Lake,Clear Lake Hi,66,23.2857West Bend,West Hi,254,23.2818Wrightstown Community,Wrightstown Hi,113,23.2537Greenwood,Greenwood Hi,27,23.25Washburn,Washburn Hi,65,23.2222Waterford UHS,Waterford Hi,270,23.2176Algoma,Algoma Hi,58,23.2174Freedom Area,Freedom Hi,129,23.186Green Bay Area Public,Preble Hi,581,23.8617Cedarburg,Cedarburg Hi,269,23.1577Pulaski Community,Pulaski Hi,331,24.7047Randolph,Randolph Hi,33,23.15Kaukauna Area,Kaukauna Hi,322,22.1087Southern Door County,Southern Door Hi,115,23.125Benton,Benton Hi,25,23.0909Stevens Point Area Public,Stevens Point Area Senior Hi,500,23.0621Glenwood City,Glenwood City Hi,60,23.0606Chequamegon,Chequamegon Hi,63,23.0588Pewaukee,Pewaukee Hi,157,23.0448Medford Area Public,Medford Hi,191,23.0364Winneconne Community,Winneconne Hi,141,23.0227Oshkosh Area,North Hi,315,22.6667Ripon Area,Ripon Hi,126,23Suring Public,Suring Hi,56,23Viroqua Area,Viroqua Hi,78,22.9815Seymour Community,Seymour Hi,209,22.9694Wausau,West Hi,421,22.966Tri-County Area,Tri-County Hi,47,22.963Appleton Area,West Hi,365,23.55Hortonville Area,Hortonville Hi,290,22.9392Southwestern Wisconsin,Southwestern Wisconsin Hi,47,22.92Port Edwards,John Edwards Hi,43,22.9091Clintonville,Clintonville Hi,142,22.8788Drummond Area,Drummond Hi,37,22.875Whitnall,Whitnall Hi,236,22.8597Sheboygan Area,North Hi,440,23.5861Amery,Amery Hi,126,22.8243Plymouth Joint,Plymouth Hi,243,22.8195Gresham,Gresham Hi,18,22.8182Berlin Area,Berlin Hi,143,22.8154Howards Grove,Howards Grove Hi,77,22.803Franklin Public,Franklin Hi,333,23.3574Iola-Scandinavia,Iola-Scandinavia Hi,57,22.7895Altoona,Altoona Hi,110,22.7879Wisconsin Heights,Wisconsin Heights Hi,75,22.7872Stratford,Stratford Jr/Sr Hi,65,22.7857Brillion,Brillion Hi,83,22.7727Wausau,East Hi,323,22.4921Mondovi,Mondovi Hi,94,22.7321Augusta,Augusta Hi,48,22.7273Juda,Juda Hi,26,22.7273Luxemburg-Casco,Luxemburg-Casco Hi,162,22.7245Fall River,Fall River Hi,36,22.7059La Crosse,Central Hi,341,22.7619Columbus,Columbus Hi,107,22.6957Sturgeon Bay,Sturgeon Bay Hi,112,22.6912Oconomowoc Area,Oconomowoc Hi,365,22.1323Colfax,Colfax Hi,64,22.6563Waukesha,North Hi,339,22.3699River Falls,River Falls Hi,258,22.6377Reedsville,Reedsville Hi,56,22.6333Williams Bay,Williams Bay Hi,37,22.6207Tomorrow River,Amherst Hi,73,22.617Union Grove UHS,Union Grove Hi,209,22.6061Gibraltar Area,Gibraltar Hi,51,22.6046Cashton,Cashton Hi,41,22.5909Racine Unified,Walden III Hi,67,22.5893Sauk Prairie,Sauk Prairie Hi,248,22.5686Prentice,Prentice Hi,40,22.5556Prairie du Chien Area,Prairie du Chien Hi,123,22.5555Kimberly Area,Kimberly Hi,297,22.5513New Holstein,New Holstein Hi,109,22.5507Omro,Omro Hi,97,22.5167Wilmot UHS,Wilmot Hi,286,22.5061Rhinelander,Rhinelander Hi,276,22.4956Manitowoc,Lincoln Hi,449,22.0733Campbellsport,Campbellsport Hi,134,22.4848Merrill Area,Merrill Hi,285,22.4733Ellsworth Community,Ellsworth Hi,163,22.4583Monroe,Monroe Hi,201,22.4295Arcadia,Arcadia Hi,94,22.4098Fort Atkinson,Fort Atkinson Hi,253,22.4088La Crosse,Logan Hi,257,22.3985Madison Metropolitan,East Hi,459,23.0081Cochrane-Fountain City,Cochrane-Fountain City Hi,47,22.3714Green Bay Area Public,Southwest Hi,355,24.2053Kenosha,Lakeview Technology Acad,69,22.3617Whitehall,Whitehall Hi,77,22.3611Oostburg,Oostburg Hi,73,22.3559Argyle,Argyle Hi,28,22.3529Cassville,Cassville Hi,32,22.3333West Salem,West Salem Hi,133,22.3295Appleton Area,East Hi,404,22.383Watertown Unified,Watertown Hi,332,22.7922Menomonie Area,Menomonie Hi,271,22.2874Sun Prairie Area,Sun Prairie Hi,434,22.698Darlington Community,Darlington Hi,79,22.2727Tomahawk,Tomahawk Hi,143,22.2714Belleville,Belleville Hi,70,22.2609Lake Geneva-Genoa City UHS,Badger Hi,298,22.2591Wild Rose,Wild Rose Hi,55,22.25Pepin Area,Pepin Hi,19,22.25Milton,Milton Hi,280,22.2421Oconto Unified,Oconto Hi,89,22.2368Evansville Community,Evansville Hi,127,22.2317West Allis-West Milwaukee,Nathan Hale Hi,374,22.192Valders Area,Valders Hi,85,22.1803Prescott,Prescott Hi,92,22.1724Bowler,Bowler Hi,26,22.1667Auburndale,Auburndale Hi,77,22.1522Marshall,Marshall Hi,88,22.1429Owen-Withee,Owen-Withee Hi,44,22.1429Holmen,Holmen Hi,272,22.1381Antigo Unified,Antigo Hi,265,22.1371Wisconsin Rapids,Lincoln Hi,474,21.8553Northwood,Northwood Sch,33,22.1304Osceola,Osceola Hi,146,22.1176Janesville,Craig Hi,390,21.6357Fond du Lac,Fond du Lac High School,533,22.8411Denmark,Denmark Hi,143,22.1014Lake Mills Area,Lake Mills Hi,104,22.0959Black Hawk,Black Hawk Hi,33,22.0952Stockbridge,Stockbridge Hi,22,22.0769Sheboygan Area,South Hi,385,22.2806Waukesha,South Hi,299,22.0567Elkhart Lake-Glenbeulah,Elkhart Lake Hi,34,22.05Cuba City,Cuba City Hi,68,22.0476New Lisbon,New Lisbon Jr/Hi,55,22.0417River Valley,River Valley Hi,134,22.0375Central/Westosha UHS,Central Hi,327,21.8878Northern Ozaukee,Ozaukee Hi,66,22.0222Burlington Area,Burlington Hi,391,22.0089Melrose-Mindoro,Melrose-Mindoro Hi,62,22Bangor,Bangor Mid/Hi,57,22Sheboygan Area,George D Warriner Hi,33,22Turtle Lake,Turtle Lake Hi,33,22Baldwin-Woodville Area,Baldwin-Woodville Hi,118,21.987Cameron,Cameron Hi,63,21.9762Markesan,Markesan Hi,57,21.9655West Bend,East Hi,244,21.9562Sparta Area,Sparta Hi,161,21.9444Beaver Dam Unified,Beaver Dam Hi,261,21.944Portage Community,Portage Hi,189,21.8972Green Bay Area Public,East Hi,357,22.0345Niagara,Niagara Hi,43,21.88Gilman,Gilman Hi,38,21.875Two Rivers Public,Two Rivers Hi,181,21.8621Spencer,Spencer Jr Hi/Hi,50,21.8571Oak Creek-Franklin Joint,Oak Creek Hi,478,21.8185West De Pere,West De Pere Hi,211,21.848Webster,Webster Hi,64,21.8437Wisconsin Dells,Wisconsin Dells Hi,166,21.8421North Crawford,North Crawford Hi,36,21.8261Superior,Superior Hi,324,22.3267Oconto Falls Public,Oconto Falls Hi,142,21.814Kickapoo Area,Kickapoo Hi,29,21.8125East Troy Community,East Troy Hi,159,21.7879Colby,Colby Hi,77,21.7857Sevastopol,Sevastopol Hi,55,21.7692Neillsville,Neillsville Hi,74,21.7619Chippewa Falls Area Unified,Chippewa Falls Hi,379,22.1029Bonduel,Bonduel Hi,67,21.7568Northland Pines,Northland Pines Hi,127,21.75Galesville-Ettrick-Trempealeau,Gale-Ettrick-Tremp Hi,101,21.7288Cumberland,Cumberland Hi,91,21.7234De Forest Area,De Forest Hi,266,21.7059Blair-Taylor,Blair-Taylor Mid/Hi,60,21.697Chilton,Chilton Hi,106,21.6956Wausaukee,Wausaukee Hi,41,21.6818Pittsville,Pittsville Hi,57,21.6667Mineral Point Unified,Mineral Point Hi,73,21.66Ladysmith,Ladysmith Hi,65,21.6585Madison Metropolitan,LaFollette Hi,395,21.761Mishicot,Mishicot Hi,97,21.6346Big Foot UHS,Big Foot Hi,120,21.6316Green Bay Area Public,West Hi,281,21.625Barneveld,Barneveld Hi,34,21.619Lake Holcombe,Holcombe Hi,36,21.5882Oakfield,Oakfield Jr/Sr Hi,50,21.5833Spooner Area,Spooner Hi,126,21.5735Monona Grove,Monona Grove Hi,245,21.5733Richland,Richland Center Hi,119,21.5522Potosi,Potosi Hi,39,21.55Marion,Marion Hi,48,21.5217Bloomer,Bloomer Hi,90,21.5167Jefferson,Jefferson Hi,131,21.5077Lodi,Lodi Hi,125,21.5063Durand,Durand Jr/Sr Hi,99,21.5Elcho,Elcho Hi,29,21.5Racine Unified,Case Hi,582,21.2051Rosendale-Brandon,Laconia Hi,80,21.4423Frederic,Frederic 7-12 Sch,44,21.44Little Chute Area,Little Chute Hi,146,21.4388Random Lake,Random Lake Hi,73,21.4318Menasha Joint,Menasha Hi,278,21.425Wautoma Area,Wautoma Hi,103,21.4231Nekoosa,Nekoosa Hi,103,21.421Waukesha,iQ Acad Wisconsin,231,21.4043Wonewoc-Union Center,Wonewoc-Center Hi,22,21.4Tomah Area,Tomah Hi,229,21.3939New London,New London Hi,214,21.3814Weyauwega-Fremont,Weyauwega Hi,103,21.3774Three Lakes,Three Lakes Hi,73,21.3488Eleva-Strum,Eleva-Strum Hi,45,21.3478Osseo-Fairchild,Osseo-Fairchild Hi,95,21.34North Fond du Lac,Horace Mann Hi,100,21.3333Belmont Community,Belmont Hi,26,21.3333Edgar,Edgar Hi,54,21.3095Pecatonica Area,Pecatonica Hi,36,21.2963Whitewater Unified,Whitewater Hi,149,21.2959La Farge,La Farge Hi,26,21.2857Waupaca,Waupaca Hi,231,21.2759Pardeeville Area,Pardeeville Hi,74,21.275Shawano,Shawano Hi,295,21.2673Kenosha,Tremper Hi,475,21.4927Monticello,Monticello Hi,28,21.25Brodhead,Brodhead Hi,90,21.2373Reedsburg,Reedsburg Area Hi,210,21.2308Peshtigo,Peshtigo Mid/Hi,83,21.2308Elkhorn Area,Elkhorn Area Hi,250,21.2174Cudahy,Cudahy Hi,197,21.2159Manawa,Little Wolf Jr/Sr Hi,70,21.2121Clayton,Clayton Hi,39,21.2083Janesville,Parker Hi,372,20.3017Prairie Farm Public,Prairie Farm Hi,23,21.1818Clinton Community,Clinton Hi,104,21.125Boscobel Area,Boscobel Hi,74,21.1212Rib Lake,Rib Lake Hi,46,21.1071Marinette,Marinette Hi,174,21.0909South Milwaukee,South Milwaukee Hi,295,21.0852Horicon,Horicon Hi,82,21.0789Gilmanton,Gilmanton Hi,17,21.0769Chetek-Weyerhaeuser Area,Chetek-Weyerhaeuser Hi,78,21.0714Deerfield Community,Deerfield Hi,71,21.0652Shiocton,Shiocton Hi,48,21.0435Edgerton,Edgerton Hi,165,21.0425Ashland,Ashland Hi,182,21.0353Maple,Northwestern Hi,106,21.0167Rosholt,Rosholt Hi,57,21Alma Center,Lincoln Hi,49,21Westby Area,Westby Hi,87,20.975Grantsburg,Grantsburg Hi,93,20.9592Rio Community,Rio Mid/Hi Sch,34,20.9524Parkview,Parkview Hi,84,20.9286Royall,Royall Mid/Hi,35,20.9231Elk Mound Area,Elk Mound Hi,87,20.9107Kiel Area,Kiel Hi,135,20.8823Mosinee,Mosinee Hi,171,20.8675Cadott Community,Cadott Hi,61,20.8571Almond-Bancroft,Almond Hi,29,20.8571Hustisford,Hustisford Hi,35,20.85Bruce,Bruce Hi,42,20.8462Wauzeka-Steuben,Wauzeka Hi,30,20.8462Madison Metropolitan,Shabazz-City Hi,51,20.8333Norwalk-Ontario-Wilton,Brookwood Hi,50,20.8333Greenfield,Greenfield Hi,256,20.8118Eau Claire Area,North Hi,360,20.805Racine Unified,The REAL School,20,20.7895Mayville,Mayville Hi,103,20.7719Northern Ozaukee,Wisconsin Virtual Learning,47,20.7647Ithaca,Ithaca Hi,24,20.75Shell Lake,Shell Lake Jr/Sr Hi,47,20.68Cambria-Friesland,Cambria Friesland Mid/Hi,43,20.6667Milwaukee,King International,0,20.6637Westfield,Westfield Area Hi,85,20.6585Wittenberg-Birnamwood,Wittenberg-Birnamwood Hi,116,20.6034Dodgeland,Dodgeland Mid/Hi Sch,65,20.6Saint Croix Central,Saint Croix Central Hi,88,20.5738Iowa-Grant,Iowa-Grant Hi,63,20.5714Wabeno Area,Wabeno Hi,39,20.5556Green Lake,Green Lake Hi,30,20.55Elmwood,Elmwood Hi,27,20.4706Coleman,Coleman Hi,52,20.4615Somerset,Somerset Hi,120,20.4444Seneca,Seneca Hi,20,20.3636Poynette,Poynette Hi,91,20.3461Abbotsford,Abbotsford Middle/Sr Hi,61,20.3461Lena,Lena Hi,21,20.3077Saint Croix Falls,Saint Croix Falls Hi,87,20.3036Kenosha,Bradford Hi,424,21.2597Alma,Alma Hi,24,20.3Kewaunee,Kewaunee Hi,91,20.2826Hillsboro,Hillsboro Hi,51,20.2759Princeton,Princeton Sch,29,20.2308Shullsburg,Shullsburg Hi,34,20.1852Necedah Area,Necedah Mid/Hi,61,20.1667New Auburn,New Auburn Jr-Sr Hi,26,20.1667Flambeau,Flambeau Hi,43,20.1429Plum City,Plum City Hi,40,20.1364Delavan-Darien,Delavan-Darien Hi,197,20.1064Mauston,Mauston Hi,148,20.0847West Allis-West Milwaukee,Central Hi,324,20.064Boyceville Community,Boyceville Mid/Hi,56,20.0333Gillett,Gillett Hi,64,20De Soto Area,De Soto Hi,36,20Appleton Area,Valley New School,11,20Palmyra-Eagle Area,Palmyra-Eagle Hi,94,19.983Waupun,Waupun Area Sr Hi,144,19.9718Brown Deer,Brown Deer Hi,185,19.9597Beloit Turner,Turner Hi,97,19.9286Solon Springs,Solon Springs Sch,24,19.9091Black River Falls,Black River Falls Hi,132,19.8571Riverdale,Riverdale Hi,55,19.84Beloit,Memorial Hi,415,19.0756Montello,Montello Jr/Sr Hi,61,19.8077Crandon,Crandon Hi,45,19.8Beecher-Dunbar-Pembine,Pembine Hi,25,19.8Saint Francis,Saint Francis Hi,135,19.7407Florence County,Florence Hi,52,19.7222Racine Unified,Park Hi,581,19.7143South Shore,South Shore Jr/Sr Hi,16,19.6667Kewaskum,Kewaskum Hi,173,19.62Johnson Creek,Johnson Creek Hi,53,19.5Non-district Charter Schools: Veritas Hi,Veritas Hi,44,19.5Winter,Winter Hi,32,19.5Unity,Unity Hi,108,19.4783Luck,Luck Hi,50,19.4722Birchwood,Birchwood Hi,26,19.4Thorp,Thorp Hi,65,19.2308Weston,Weston Hi,29,19.1429Barron Area,Barron Hi,101,19.1277Kenosha,Indian Trail Academy,153,19.1263Grantsburg,Insight School of Wis,119,19.1111Independence,Independence Hi,38,19.0909Racine Unified,Horlick Hi,573,19.8122Siren,Siren Hi,39,19.05Hurley,Hurley Hi,60,18.9697Adams-Friendship Area,Adams-Friendship Hi,152,18.9107Kenosha,Harborside Acad,99,18.8551Milwaukee,Reagan Hi,163,18.8049Bayfield,Bayfield Hi,42,18.75Butternut,Butternut Hi,14,18.6667Kenosha,Kenosha eSchool,32,18.5Granton Area,Granton Hi,10,18.4286Goodman-Armstrong Creek,Goodman Hi,17,18.4Cornell,Cornell Hi,38,18.3333Tigerton,Tigerton Hi,24,18.1538Non-district Charter Schools: Tenor High Scho,Tenor High School,30,17.9286Wisconsin Rapids,River Cities Hi,63,17.625Menominee Indian,Menominee Indian Hi,83,17.5882Milwaukee,Carmen Hi,37,17.3636Milwaukee,Milw Sch of Languages,114,17.1584Monroe,Monroe Indep Virtual Chrtr Hi,91,16.8333Milwaukee,Riverside Hi,373,16.7057Milwaukee,Hamilton Hi,379,16.6287Kenosha,Reuther Central Hi,130,16.5789River Falls,Renaissance Charter Acad,22,16.3333Milwaukee,Milw Hi Sch of the Arts,168,16.2298Milwaukee,Alliance Hi,22,16.1Milwaukee,WI Consrv Lifelong Learning,55,16Milwaukee,ALAS-AdvLang&Acad Studies,51,15.814Non-district Charter Schools: Milwaukee Acad,Milwaukee Acad of Science,33,15.7273Milwaukee,Professional Learning Inst,23,15.6667Milwaukee,Montessori Hi,55,15.6471Milwaukee,Bay View Hi,226,15.5824Milwaukee,Community High Sch,31,15.5714Milwaukee,Bradley Tech Hi,220,15.5411Milwaukee,SUPAR,7,15.3529Milwaukee,WORK Inst,59,15.3437Milwaukee,Grandview Hi,40,15.3077Milwaukee,Pulaski Hi,286,15.25Milwaukee,South Division Hi,313,15.2162Milwaukee,Kilmer Hi,103,15.1471Milwaukee,Loyola Academy,16,15.0588Milwaukee,New Sch for Comm Serv,71,15.0526Milwaukee,Vincent Hi,227,14.9126Milwaukee,WHS Info Technology,48,14.9091Milwaukee,Madison Academic Campus,162,14.8589Milwaukee,Custer Hi,132,14.8144Milwaukee,Lad Lake Synergy,22,14.7143Milwaukee,Genesis Hi,32,14.7083Milwaukee,WI Career Academy,54,14.6667Milwaukee,Northwest Secondary Sch,62,14.5323Milwaukee,El Puente Hi,18,14.5238Milwaukee,Lady Pitts,15,14.5Milwaukee,NOVA,17,14.4444Milwaukee,Milw AfricanAmer ImmersionHi,47,14.4186Milwaukee,Project Stay,75,14.4118Milwaukee,Transition Hi,27,14.35Milwaukee,Cornerstone Acad,17,14.3333Milwaukee,Spotted Eagle Hi,14,14.2857Milwaukee,WHS,90,14.1167Milwaukee,Milw Sch of Entrepreneurship,92,14.0727Milwaukee,Phillips Sch,21,13.5484Milwaukee,Lad Lake Ultra,0,13.2857